title,description,type,expires_at
Occaecati.,"Et voluptate dolorum nostrum porro. Similique dolores similique ex architecto pariatur dolor.",sell,"2024-03-25 20:07:28"
Et.,"Earum libero sit sunt voluptate laborum fugiat.",sell,"2024-03-26 15:29:40"
"Ipsum nam.","Ut sapiente quod ullam. Facilis autem consequatur doloremque sint molestiae est sint.",rent,"2024-03-27 00:52:06"
"Enim eligendi.","Sunt praesentium minima nobis quas pariatur sunt dignissimos hic. Accusantium labore voluptatem quisquam non atque.",sell,"2024-03-27 10:49:34"
"Animi velit.","Necessitatibus sit voluptatem et repellat. Eveniet labore enim totam id amet quod deserunt.",rent,"2024-03-27 04:42:44"
"Enim voluptas.","Aperiam vel quisquam qui eaque asperiores exercitationem.",sell,"2024-03-27 07:42:33"
Molestiae.,"Magnam iste totam voluptatum omnis aut et est.",sell,"2024-03-26 12:03:22"
"A impedit.","Beatae cupiditate unde totam a.",rent,"2024-03-27 09:39:32"
"Blanditiis voluptas.","Ipsam odit et nemo provident quod est ipsam.",sell,"2024-03-26 05:44:52"
"In non.","Ut et ea qui.",rent,"2024-03-26 19:14:02"
"Vitae sed.","Omnis et id quia et minima reprehenderit exercitationem. Eligendi velit explicabo aut dolor est omnis.",rent,"2024-03-26 21:37:54"
Atque.,"Recusandae consequatur voluptates est nesciunt animi debitis ipsa. Accusantium fugiat earum laborum.",sell,"2024-03-25 14:30:31"
"Optio ipsa.","Et eos vitae eligendi qui alias.",sell,"2024-03-27 01:30:08"
Omnis.,"Odio quia odio qui ea. Adipisci asperiores animi velit velit laudantium et eos debitis.",rent,"2024-03-26 08:15:00"
Aut.,"Omnis consectetur voluptatum qui dolorum consequatur qui voluptate.",rent,"2024-03-26 09:59:28"
Dicta.,"Explicabo voluptas incidunt corporis et.",sell,"2024-03-26 09:04:46"
Quos.,"Officiis velit sed perspiciatis et aliquam omnis et molestiae.",rent,"2024-03-27 00:53:34"
Consequuntur.,"Aut quia asperiores et aspernatur earum sed. Itaque nisi rerum deserunt aut beatae quo quia.",sell,"2024-03-27 00:52:31"
"Et architecto.","Praesentium laboriosam placeat facilis in mollitia.",rent,"2024-03-25 22:58:59"
Odit.,"Velit blanditiis et odio placeat consequuntur maiores qui.",sell,"2024-03-26 09:22:46"
"Quae dolorem.","Voluptas quis commodi natus fugiat.",sell,"2024-03-25 23:37:52"
"Facere aut.","Facilis facilis provident perspiciatis error consequuntur quos molestiae. Est et officia tempora iusto laboriosam.",sell,"2024-03-26 06:22:49"
Eligendi.,"Rerum est et atque id omnis.",sell,"2024-03-27 00:24:52"
"Cupiditate sint.","Et laudantium quia dolores officia qui explicabo. Repellat error est porro neque quisquam dolorem praesentium.",sell,"2024-03-26 04:09:20"
"Aspernatur inventore.","In dignissimos ex nihil nostrum. At minus vitae qui.",sell,"2024-03-26 23:29:36"
"Consectetur repudiandae.","Modi dicta nulla cupiditate non ut architecto.",sell,"2024-03-26 01:26:35"
Voluptatibus.,"Amet accusantium et debitis autem eos.",rent,"2024-03-26 04:35:54"
"Ea nesciunt.","Et veritatis in unde occaecati ut necessitatibus unde. Non id ratione ut ipsam eveniet suscipit praesentium.",rent,"2024-03-27 04:39:59"
Voluptas.,"Illum et quam ratione quia.",sell,"2024-03-25 19:09:44"
Amet.,"Ut blanditiis a exercitationem temporibus.",sell,"2024-03-26 13:18:22"
Perspiciatis.,"Temporibus est corrupti voluptatem incidunt illum. Omnis rerum temporibus qui molestiae repellendus impedit ut.",sell,"2024-03-27 03:01:04"
"Rem in.","Deleniti quam temporibus ducimus deleniti dicta.",rent,"2024-03-27 05:02:11"
Exercitationem.,"Tempore sint culpa quo et quidem quasi et. Voluptate nam mollitia ut doloremque aut iure tempora.",sell,"2024-03-25 20:19:37"
Perferendis.,"Ipsa provident vero rerum error.",rent,"2024-03-27 02:15:50"
Id.,"Quod est ipsam asperiores dicta at quidem non vel.",sell,"2024-03-25 14:59:32"
Quia.,"Molestiae sed alias est aut.",rent,"2024-03-26 10:25:04"
Sit.,"Hic ut aut doloribus dicta consequatur pariatur.",sell,"2024-03-27 08:42:18"
"Ut voluptatem.","Quos quaerat aperiam quae commodi architecto iure fugit.",rent,"2024-03-27 00:24:59"
Quia.,"Tenetur et aliquid optio distinctio voluptatem.",sell,"2024-03-27 08:35:25"
"Omnis laboriosam.","Atque a similique aut nisi ullam id.",rent,"2024-03-26 07:48:49"
Neque.,"Quibusdam inventore consequatur vitae. Ducimus asperiores dolores aliquam nobis autem omnis.",sell,"2024-03-27 12:39:47"
Est.,"Deleniti optio voluptatum porro illo et.",sell,"2024-03-26 19:36:40"
Voluptates.,"Voluptatum a praesentium cumque.",rent,"2024-03-26 12:56:33"
Laudantium.,"Id natus ipsa officia voluptate quas.",sell,"2024-03-25 20:33:02"
Omnis.,"Autem laborum voluptatem nihil ut qui. Corrupti quia nesciunt ut quaerat.",sell,"2024-03-26 03:52:48"
"Recusandae est.","Omnis necessitatibus delectus itaque odit non. Sapiente unde eligendi sunt.",sell,"2024-03-27 01:39:43"
Id.,"Est voluptatibus illo consequuntur.",sell,"2024-03-25 21:55:28"
"Magnam libero.","Sunt placeat corrupti ullam exercitationem sapiente rerum. Et est dolor fuga esse quia.",sell,"2024-03-26 11:37:10"
Molestiae.,"In accusantium aperiam unde voluptate.",rent,"2024-03-27 00:20:33"
Saepe.,"Sequi sit earum dolore aperiam. Eum vitae rerum eos qui iste sint.",sell,"2024-03-27 06:16:52"
Commodi.,"Aut eveniet et ratione incidunt.",sell,"2024-03-27 10:12:30"
"Ducimus suscipit.","Molestiae facilis consequatur veniam cumque cumque magni. Non iure asperiores porro doloribus quod natus eligendi.",sell,"2024-03-26 20:22:29"
"Laudantium qui.","Laudantium nulla distinctio blanditiis consequatur. Sint dolore dolore quam dicta.",rent,"2024-03-26 23:08:59"
"Iusto ea.","Quia quia eveniet aliquam nesciunt eos minus ullam. Quod delectus eos quibusdam neque perferendis magni.",sell,"2024-03-25 21:32:22"
"Perspiciatis odit.","Possimus est est id saepe. Est veniam molestiae sit.",sell,"2024-03-26 11:50:39"
"Ea placeat.","Ipsam cum asperiores dolor porro fugiat voluptate et.",rent,"2024-03-27 10:25:59"
Repellat.,"Aliquid exercitationem itaque consequatur pariatur occaecati necessitatibus quia quis.",rent,"2024-03-27 01:15:07"
Et.,"Corrupti animi expedita nulla vel dolorum laudantium.",rent,"2024-03-26 06:38:40"
"Ut et.","Voluptas dolor libero quia praesentium. Totam beatae expedita eum tenetur tempore optio repellat autem.",sell,"2024-03-26 14:53:31"
Sint.,"Earum ullam maiores ut mollitia et voluptates iusto.",rent,"2024-03-26 16:28:43"
"Qui reprehenderit.","Quibusdam ex nisi quia aliquid. Repellat aliquam et saepe.",rent,"2024-03-27 07:59:35"
"Sed aut.","Velit sint hic in sapiente maiores et.",rent,"2024-03-27 04:25:48"
Nostrum.,"Esse aut autem nihil sapiente.",rent,"2024-03-25 20:21:23"
"Accusantium distinctio.","Natus fugit sint veritatis voluptatem sint eius.",rent,"2024-03-26 08:03:43"
