title,description,type,expires_at,user_id
Vel.,"Et rerum ut et inventore numquam.",sell,"2024-02-20 16:53:48",1
Quisquam.,"Voluptates et necessitatibus et rerum in.",rent,"2024-02-21 13:16:51",1
"Maiores sit.","Temporibus consequuntur omnis eum reiciendis aut et.",rent,"2024-02-21 15:45:17",1
"Quis repellendus.","Libero doloremque et et in. Recusandae vero mollitia amet qui.",rent,"2024-02-21 04:14:18",1
"Saepe aliquam.","Non non sunt molestiae molestiae ut mollitia beatae. Et molestias culpa autem facilis.",rent,"2024-02-22 11:38:42",1
"Reprehenderit quod.","Dignissimos sapiente eligendi quis nobis. Nesciunt corrupti tempora commodi occaecati quidem aperiam.",sell,"2024-02-22 05:52:49",1
Corporis.,"Temporibus vel earum est modi.",rent,"2024-02-21 10:33:21",1
Vitae.,"Accusantium dolor in ducimus consequatur asperiores accusamus. Inventore aliquam delectus magni eligendi consectetur dolorem.",rent,"2024-02-21 11:14:11",1
Voluptas.,"Sit esse eos dolorem harum commodi illo suscipit. Exercitationem quae dolorem perspiciatis possimus omnis.",rent,"2024-02-22 15:19:06",1
"Ea modi.","Rem voluptas voluptatem animi at in tempora dicta.",sell,"2024-02-22 14:47:55",1
"Qui velit.","Repellendus reprehenderit hic quo autem magni aut eligendi. Quasi distinctio et aut nihil non.",rent,"2024-02-21 18:44:36",1
Doloribus.,"Voluptatem omnis sunt enim. Laborum suscipit eaque harum sed.",rent,"2024-02-22 11:42:22",1
"Voluptas non.","Possimus omnis dolores numquam pariatur et natus.",sell,"2024-02-22 11:39:02",1
Soluta.,"Laborum sit tempora laudantium voluptas rem quidem saepe.",rent,"2024-02-22 12:02:51",1
Ratione.,"Alias ratione consectetur distinctio rem corporis.",sell,"2024-02-21 11:06:08",1
"Repellendus numquam.","Nemo velit tenetur eos ea voluptatem debitis non. Ea ea qui ad veritatis voluptatem.",rent,"2024-02-21 19:35:49",1
"Voluptatibus culpa.","Fugiat veniam voluptas id molestiae rem.",sell,"2024-02-22 04:23:17",1
"In voluptas.","Rerum pariatur et non animi consequatur. Aspernatur autem dolor repellat harum atque molestias.",rent,"2024-02-21 02:03:23",1
"Quidem error.","Reiciendis inventore aperiam ea voluptatem. Ea eos rerum labore quas.",sell,"2024-02-21 12:49:25",1
"Quia harum.","Consequatur voluptatum quaerat dolor facilis consequatur.",rent,"2024-02-21 11:34:49",1
Aliquid.,"Adipisci non ad voluptas debitis ab dolorem. Neque repellat ratione est officiis labore eos.",sell,"2024-02-20 18:14:45",1
"Et atque.","Sunt suscipit et ipsam eligendi nulla.",rent,"2024-02-21 23:05:15",1
"Ut deserunt.","Ut enim eos eos cupiditate quae eos laudantium.",rent,"2024-02-21 17:04:34",1
Et.,"Magnam architecto quia pariatur suscipit eius officiis tempore. Repellendus facilis sit facere.",sell,"2024-02-21 20:05:02",1
Fugit.,"Mollitia aut sed nihil veritatis sunt.",rent,"2024-02-22 01:33:19",1
"Voluptates dolore.","Voluptatem et consequuntur quo et eveniet assumenda placeat ut.",rent,"2024-02-20 16:51:43",1
Voluptates.,"Asperiores est aut labore iusto a. Quia et voluptatem tempore adipisci quasi.",sell,"2024-02-22 15:49:11",1
Laboriosam.,"Aliquid ex sint et doloremque quis.",sell,"2024-02-22 11:45:45",1
Hic.,"Quis sunt rerum quod hic. Dolor odit sed beatae est.",sell,"2024-02-20 22:13:37",1
"Ut quidem.","Eligendi deserunt deleniti qui officia consequatur.",sell,"2024-02-21 03:33:02",1
"Quo similique.","Nisi quo dolor repellendus. Occaecati et harum in esse quia totam ut.",sell,"2024-02-20 17:45:08",1
"Pariatur voluptatem.","Quod quia similique hic qui. Dignissimos voluptatem et est sed et.",sell,"2024-02-21 22:00:19",1
"Earum provident.","Maxime magnam ex et quod.",rent,"2024-02-21 14:54:05",1
"Autem esse.","Occaecati delectus cum doloremque voluptas. Ut tenetur omnis fugit est nihil adipisci est omnis.",rent,"2024-02-21 01:59:47",1
Ullam.,"Ut dolores optio tempora sed. Autem eaque tempore non impedit excepturi sequi.",rent,"2024-02-21 12:12:10",1
"Qui sit.","Voluptatem itaque repellat corporis fugiat vero voluptate.",rent,"2024-02-21 09:41:10",1
Vel.,"Voluptatibus sed sit error quia. Sit sequi sapiente consequatur voluptate consequatur.",rent,"2024-02-21 11:55:09",1
"Similique cupiditate.","Odio doloremque dolorum ut.",sell,"2024-02-21 22:33:46",1
Iste.,"Ut est ut esse velit natus minus. Consectetur rerum voluptates deleniti illum mollitia modi qui non.",sell,"2024-02-22 16:34:39",1
"Architecto culpa.","Maxime impedit molestias occaecati distinctio. Nam id hic aut tenetur fugit quo temporibus rerum.",sell,"2024-02-21 23:48:09",1
Eum.,"Necessitatibus tempora exercitationem aut sed. Officia vero sunt quae assumenda.",rent,"2024-02-22 09:49:28",1
"Officia expedita.","Aut praesentium sit saepe et voluptatum necessitatibus.",rent,"2024-02-21 22:10:17",1
"Quis libero.","Id voluptatem sit magni reiciendis corporis harum molestiae. Accusantium aliquam molestiae et.",rent,"2024-02-21 11:16:18",1
"Esse ex.","Et et amet sapiente magni architecto enim.",rent,"2024-02-21 16:25:54",1
Distinctio.,"Aliquid enim non recusandae quia quidem ab amet.",sell,"2024-02-21 07:30:21",1
Optio.,"Hic necessitatibus fugit vel repudiandae distinctio. Nesciunt rerum eum modi modi nam.",rent,"2024-02-21 21:53:04",1
"Sit dicta.","Rerum necessitatibus itaque repudiandae repellat in et dignissimos necessitatibus.",rent,"2024-02-20 21:13:00",1
Est.,"Ipsam voluptate qui aperiam cum expedita perferendis et.",sell,"2024-02-20 23:15:20",1
"Quam recusandae.","Est omnis voluptates natus architecto. Aut quod et ipsum ullam tempore.",sell,"2024-02-21 22:11:31",1
Doloremque.,"Provident explicabo consequatur cumque ut.",sell,"2024-02-20 20:22:20",1
"Corporis consequuntur.","Ipsa quo quisquam ducimus. Consectetur sint tempora at autem occaecati voluptas omnis omnis.",rent,"2024-02-21 13:44:47",1
"Facilis id.","Qui architecto modi sapiente quos quia veniam. Sapiente temporibus ullam perferendis commodi quasi.",rent,"2024-02-22 05:50:53",1
Cupiditate.,"Sapiente ipsa illo accusantium et.",rent,"2024-02-22 05:41:33",1
"Ut aperiam.","Rem est saepe vel fuga inventore consequuntur doloribus.",rent,"2024-02-21 14:07:04",1
Voluptatem.,"Earum repellat necessitatibus ex nihil cupiditate. Atque provident et et.",rent,"2024-02-20 17:28:59",1
"Distinctio et.","Doloribus est impedit natus. Eius tempora sint iste dolorem ut dolorem.",rent,"2024-02-22 05:26:44",1
Aut.,"Saepe qui et temporibus voluptatem.",rent,"2024-02-22 03:22:26",1
"Est rerum.","Optio ipsa aut error numquam veritatis aut. Dolorem rerum ullam totam incidunt voluptatem.",rent,"2024-02-20 21:11:19",1
"Ut est.","A enim sit nesciunt voluptatem omnis labore.",sell,"2024-02-22 15:43:53",1
"Deleniti enim.","Placeat culpa quo non quia.",rent,"2024-02-22 15:01:46",1
"Esse at.","Et ullam quia eveniet error nostrum. Voluptatem et rem omnis maxime repellat expedita.",rent,"2024-02-21 21:21:17",1
Eaque.,"Quibusdam atque non in ab ex ipsum. Quis enim porro ipsum officiis odit dolor.",sell,"2024-02-21 03:17:34",1
"Aliquid ex.","Rerum optio odio nobis nihil vitae voluptatum sit in. Ratione et architecto distinctio recusandae consequuntur provident.",rent,"2024-02-21 01:31:38",1
"Odit reprehenderit.","Error sit et atque nihil.",sell,"2024-02-20 20:28:37",1
